Task,"Submitted On",Completed?
Test,"10/08/22 18:27:49","In Progress"
fesgsegfesgseg,"10/08/22 18:34:51","In Progress"
fesgsegfesgseg,"10/08/22 18:34:54","In Progress"
fesgsegfesgseg,"10/08/22 18:35:36","In Progress"
gsegeg,"10/08/22 18:35:40","In Progress"
gsegeg,"10/08/22 18:36:07","In Progress"
gsegeg,"10/08/22 18:36:32","In Progress"
gsegeg,"10/08/22 18:36:49","In Progress"
gsegeg,"10/08/22 18:36:51","In Progress"
gsegeg,"10/08/22 18:37:06","In Progress"
gsegeg,"10/08/22 18:37:11","In Progress"
gsegeg,"10/08/22 18:38:39","In Progress"
gsegeg,"10/08/22 18:38:47","In Progress"
gesgesg,"10/08/22 18:38:59","In Progress"
gesgesg,"10/08/22 18:39:16","In Progress"
gesgesg,"10/08/22 18:39:23","In Progress"
gesgesg,"10/08/22 18:39:35","In Progress"
gesgesg,"10/08/22 18:39:36","In Progress"
gesgesg,"10/08/22 18:40:19","In Progress"
gesgesg,"10/08/22 18:40:30","In Progress"
gesgesg,"10/08/22 18:41:13","In Progress"
gesgesg,"10/08/22 18:41:24","In Progress"
,"10/08/22 18:41:54","In Progress"
,"10/08/22 18:42:00","In Progress"
fesgegs,"10/08/22 18:42:06","In Progress"
,"10/08/22 18:42:10","In Progress"
,"10/08/22 18:42:13","In Progress"
,"10/08/22 18:42:28","In Progress"
,"10/08/22 18:42:44","In Progress"
,"10/08/22 18:43:04","In Progress"
,"10/08/22 18:43:13","In Progress"
,"10/08/22 18:43:14","In Progress"
,"10/08/22 18:43:26","In Progress"
,"10/08/22 18:43:27","In Progress"
,"10/08/22 18:43:48","In Progress"
fesgesg,"10/08/22 18:43:52","In Progress"
grdgrdg,"10/08/22 18:44:00","In Progress"
fefesf,"10/08/22 18:44:03","In Progress"
fefesf,"10/08/22 18:45:03","In Progress"
